seed,design,delay_steps,mult,k_c,M_design,M_true,M_true_big,track_err_L2,overshoot,diverged
42,LC-certificate,1,0.25,0.060244593179175014,0.775,0.9686429259882977,0.9623781506816154,0.9773251311788406,1.0000649476779395,False
42,LC-certificate,1,0.5,0.12048918635835003,0.55,0.9372858519765954,0.9247563013632307,0.9545633581452072,1.000129250097893,False
42,LC-certificate,1,1.0,0.24097837271670006,0.09999999999999998,0.8745717039531907,0.8495126027264616,0.9102812094519931,1.0002559236196666,False
42,LC-certificate,1,2.0,0.4819567454334001,-0.8,0.7491434079063815,0.6990252054529231,0.8266818957923778,1.0005015765114265,False
42,LC-certificate,1,4.0,0.9639134908668002,-2.6,0.4982868158127629,0.39805041090584625,0.6791073688469332,1.0009623536061116,False
42,LC-certificate,1,8.0,1.9278269817336005,-6.2,-0.003426368374474187,-0.2038991781883075,0.45797433350341593,1.001763759711395,False
42,LC-certificate,1,16.0,3.855653963467201,-13.4,-1.0068527367489484,-1.407798356376615,0.2551631459154014,1.002901448919573,False
42,LC-certificate,1,32.0,7.711307926934402,-27.8,-3.0137054734978967,-3.81559671275323,0.2604584697074882,1.003435952889893,False
42,LC-certificate,1,64.0,15.422615853868804,-56.6,-7.0274109469957935,-8.63119342550646,0.4814610093882249,0.9984349371108874,False
42,LC-certificate,1,128.0,30.845231707737607,-114.2,-15.054821893991587,-18.26238685101292,0.5135150401244076,0.9703678560860892,False
42,DeepONet-optimistic,1,,3.541057983951904,0.09999999999999998,-0.8431067656523228,-1.211337862365255,0.2712750954321,1.002757076463507,False
42,LC-certificate,100,0.25,0.060244593179175014,0.775,0.9686429259882977,0.9623781506816154,0.9807326258884131,1.0001239743313368,False
42,LC-certificate,100,0.5,0.12048918635835003,0.55,0.9372858519765954,0.9247563013632307,0.9612041305287994,1.000247895408295,False
42,LC-certificate,100,1.0,0.24097837271670006,0.09999999999999998,0.8745717039531907,0.8495126027264616,0.9228796850237169,1.0004955777988218,False
42,LC-certificate,100,2.0,0.4819567454334001,-0.8,0.7491434079063815,0.6990252054529231,0.8492727073922445,1.0009903035245438,False
42,LC-certificate,100,4.0,0.9639134908668002,-2.6,0.4982868158127629,0.39805041090584625,0.7150981851735324,1.0019771987405055,False
42,LC-certificate,100,8.0,1.9278269817336005,-6.2,-0.003426368374474187,-0.2038991781883075,0.5058432794431653,1.0039407641178215,False
42,LC-certificate,100,16.0,3.855653963467201,-13.4,-1.0068527367489484,-1.407798356376615,0.357811185300253,1.0078269937616038,False
42,LC-certificate,100,32.0,7.711307926934402,-27.8,-3.0137054734978967,-3.81559671275323,0.5064334367861532,1.015437282076826,False
42,LC-certificate,100,64.0,15.422615853868804,-56.6,-7.0274109469957935,-8.63119342550646,1.1364653698320302,2.406874466854462,False
42,LC-certificate,100,128.0,30.845231707737607,-114.2,-15.054821893991587,-18.26238685101292,2.899766081161583,5.113538059755882,False
42,DeepONet-optimistic,100,,3.541057983951904,0.09999999999999998,-0.8431067656523228,-1.211337862365255,0.35933252046055714,1.0071965358680164,False
43,LC-certificate,1,0.25,0.05908739696283598,0.775,0.9692452420715665,0.9631008024481138,0.9777663913749295,1.000063706225146,False
43,LC-certificate,1,0.5,0.11817479392567196,0.55,0.9384904841431331,0.9262016048962277,0.9554301507549051,1.0001267917222534,False
43,LC-certificate,1,1.0,0.2363495878513439,0.09999999999999998,0.876980968286266,0.8524032097924554,0.9119517857420354,1.00025110473647,False
43,LC-certificate,1,2.0,0.4726991757026878,-0.8,0.7539619365725321,0.7048064195849109,0.8297715303576905,1.0004923282089297,False
43,LC-certificate,1,4.0,0.9453983514053756,-2.6,0.5079238731450643,0.4096128391698217,0.6843019250516346,1.0009453988725703,False
43,LC-certificate,1,8.0,1.8907967028107513,-6.2,0.015847746290128528,-0.18077432166035656,0.4647711858943251,1.0017358911820555,False
43,LC-certificate,1,16.0,3.7815934056215026,-13.4,-0.9683045074197429,-1.3615486433207131,0.25850287771537866,1.0028688841640172,False
43,LC-certificate,1,32.0,7.563186811243005,-27.8,-2.936609014839486,-3.7230972866414263,0.2572682300932007,1.0034559076867056,False
43,LC-certificate,1,64.0,15.12637362248601,-56.6,-6.873218029678972,-8.446194573282853,0.47483903720142717,0.9987593136800722,False
43,LC-certificate,1,128.0,30.25274724497202,-114.2,-14.746436059357944,-17.892389146565705,0.5145011554381815,0.9717792735806361,False
43,DeepONet-optimistic,1,,3.4528792317338004,0.09999999999999998,-0.7972100716313493,-1.1562715476311487,0.27674863933017574,1.0027137643778845,False
43,LC-certificate,100,0.25,0.05908739696283598,0.775,0.9692452420715665,0.9631008024481138,0.9811100852960666,1.0001215934968324,False
43,LC-certificate,100,0.5,0.11817479392567196,0.55,0.9384904841431331,0.9262016048962277,0.9619498896049654,1.0002431357654908,False
43,LC-certificate,100,1.0,0.2363495878513439,0.09999999999999998,0.876980968286266,0.8524032097924554,0.9243336494053277,1.0004860666180468,False
43,LC-certificate,100,2.0,0.4726991757026878,-0.8,0.7539619365725321,0.7048064195849109,0.8520232584794042,1.0009713135824403,False
43,LC-certificate,100,4.0,0.9453983514053756,-2.6,0.5079238731450643,0.4096128391698217,0.7199138631176621,1.0019393485349974,False
43,LC-certificate,100,8.0,1.8907967028107513,-6.2,0.015847746290128528,-0.18077432166035656,0.5122832690194875,1.0038655824288631,False
43,LC-certificate,100,16.0,3.7815934056215026,-13.4,-0.9683045074197429,-1.3615486433207131,0.3575913277658021,1.0076787053292986,False
43,LC-certificate,100,32.0,7.563186811243005,-27.8,-2.936609014839486,-3.7230972866414263,0.5002795206043753,1.0151488632382957,False
43,LC-certificate,100,64.0,15.12637362248601,-56.6,-6.873218029678972,-8.446194573282853,1.0977896485152694,2.3149641790203894,False
43,LC-certificate,100,128.0,30.25274724497202,-114.2,-14.746436059357944,-17.892389146565705,2.8677433517139885,5.028237448361731,False
43,DeepONet-optimistic,100,,3.4528792317338004,0.09999999999999998,-0.7972100716313493,-1.1562715476311487,0.36101460339965197,1.0070195629496572,False
44,LC-certificate,1,0.25,0.05652982647777911,0.775,0.9705764474587713,0.9646979670455041,0.9787421805579611,1.0000609615908858,False
44,LC-certificate,1,0.5,0.11305965295555823,0.55,0.9411528949175424,0.9293959340910083,0.9573480531663292,1.000121354984948,False
44,LC-certificate,1,1.0,0.22611930591111645,0.09999999999999998,0.8823057898350849,0.8587918681820165,0.9156526727797936,1.000240440864395,False
44,LC-certificate,1,2.0,0.4522386118222329,-0.8,0.7646115796701698,0.7175837363640329,0.8366345499418876,1.0004718347068422,False
44,LC-certificate,1,4.0,0.9044772236444658,-2.6,0.5292231593403396,0.4351674727280659,0.6959153355302692,1.0009077156595925,False
44,LC-certificate,1,8.0,1.8089544472889316,-6.2,0.058446318680679066,-0.12966505454386823,0.4802505256257583,1.001673477169966,False
44,LC-certificate,1,16.0,3.6179088945778632,-13.4,-0.8831073626386419,-1.2593301090877365,0.26686050211188905,1.0027938059217858,False
44,LC-certificate,1,32.0,7.2358177891557265,-27.8,-2.7662147252772837,-3.518660218175473,0.2506918500019926,1.00348892927502,False
44,LC-certificate,1,64.0,14.471635578311453,-56.6,-6.5324294505545675,-8.037320436350946,0.45901426784946514,0.999441524075941,False
44,LC-certificate,1,128.0,28.943271156622906,-114.2,-14.064858901109135,-17.07464087270189,0.5177441511508118,0.9748212209226321,False
44,DeepONet-optimistic,1,,3.7732923546726203,0.09999999999999998,-0.9639838430207843,-1.3563647608923888,0.2588938724276147,1.0028651796809442,False
44,LC-certificate,100,0.25,0.05652982647777911,0.775,0.9705764474587713,0.9646979670455041,0.9819446373654168,1.0001163314396018,False
44,LC-certificate,100,0.5,0.11305965295555823,0.55,0.9411528949175424,0.9293959340910083,0.9635993949135218,1.0002326159898287,False
44,LC-certificate,100,1.0,0.22611930591111645,0.09999999999999998,0.8823057898350849,0.8587918681820165,0.9275523650752951,1.0004650444219487,False
44,LC-certificate,100,2.0,0.4522386118222329,-0.8,0.7646115796701698,0.7175837363640329,0.8581246306282831,1.0009293386113867,False
44,LC-certificate,100,4.0,0.9044772236444658,-2.6,0.5292231593403396,0.4351674727280659,0.7306562637984421,1.0018556762793562,False
44,LC-certificate,100,8.0,1.8089544472889316,-6.2,0.058446318680679066,-0.12966505454386823,0.5269935652187742,1.0036993486785195,False
44,LC-certificate,100,16.0,3.6179088945778632,-13.4,-0.8831073626386419,-1.2593301090877365,0.3583413542466684,1.0073506809915205,False
44,LC-certificate,100,32.0,7.2358177891557265,-27.8,-2.7662147252772837,-3.518660218175473,0.48667377960153396,1.0145102897668399,False
44,LC-certificate,100,64.0,14.471635578311453,-56.6,-6.5324294505545675,-8.037320436350946,1.0156512532747972,2.1073633547898236,False
44,LC-certificate,100,128.0,28.943271156622906,-114.2,-14.064858901109135,-17.07464087270189,2.789270639391243,4.843573451979503,False
44,DeepONet-optimistic,100,,3.7732923546726203,0.09999999999999998,-0.9639838430207843,-1.3563647608923888,0.35758744416017,1.0076620794575353,False
45,LC-certificate,1,0.25,0.05839831316297214,0.775,0.9696039074815616,0.9635311249968795,0.978029224082121,1.0000629668553909,False
45,LC-certificate,1,0.5,0.11679662632594429,0.55,0.9392078149631232,0.9270622499937592,0.9559465958933926,1.0001253273643391,False
45,LC-certificate,1,1.0,0.23359325265188857,0.09999999999999998,0.8784156299262463,0.8541244999875184,0.9129477369267215,1.0002482334017393,False
45,LC-certificate,1,2.0,0.46718650530377714,-0.8,0.7568312598524927,0.7082489999750368,0.831615953203477,1.000486813904535,False
45,LC-certificate,1,4.0,0.9343730106075543,-2.6,0.5136625197049854,0.4164979999500734,0.6874129126922914,1.000935274496804,False
45,LC-certificate,1,8.0,1.8687460212151086,-6.2,0.027325039409970886,-0.16700400009985317,0.4688795530231571,1.0017191862977304,False
45,LC-certificate,1,16.0,3.737492042430217,-13.4,-0.9453499211800582,-1.3340080001997063,0.2606194720400382,1.0028490772465724,False
45,LC-certificate,1,32.0,7.474984084860434,-27.8,-2.8906998423601165,-3.6680160003994127,0.2554308701561527,1.0034663100889971,False
45,LC-certificate,1,64.0,14.949968169720869,-56.6,-6.781399684720233,-8.336032000798825,0.47073410107004565,0.9989478500726139,False
45,LC-certificate,1,128.0,29.899936339441737,-114.2,-14.562799369440466,-17.67206400159765,0.515230840200312,0.9726095121200171,False
45,DeepONet-optimistic,1,,3.5725570167250953,0.09999999999999998,-0.8595018884316967,-1.2310085382239726,0.2694263849681208,1.0027722454299428,False
45,LC-certificate,100,0.25,0.05839831316297214,0.775,0.9696039074815616,0.9635311249968795,0.981334895548844,1.0001201757551694,False
45,LC-certificate,100,0.5,0.11679662632594429,0.55,0.9392078149631232,0.9270622499937592,0.9623941421802595,1.0002403014700558,False
45,LC-certificate,100,1.0,0.23359325265188857,0.09999999999999998,0.8784156299262463,0.8541244999875184,0.9252001546218089,1.0004804027787477,False
45,LC-certificate,100,2.0,0.46718650530377714,-0.8,0.7568312598524927,0.7082489999750368,0.853664132651839,1.000960004910193,False
45,LC-certificate,100,4.0,0.9343730106075543,-2.6,0.5136625197049854,0.4164979999500734,0.7227947822809241,1.0019168072164337,False
45,LC-certificate,100,8.0,1.8687460212151086,-6.2,0.027325039409970886,-0.16700400009985317,0.5161822171856392,1.0038208038996526,False
45,LC-certificate,100,16.0,3.737492042430217,-13.4,-0.9453499211800582,-1.3340080001997063,0.3576203132416032,1.0075903647356759,False
45,LC-certificate,100,32.0,7.474984084860434,-27.8,-2.8906998423601165,-3.6680160003994127,0.4966180836947163,1.0149769656205576,False
45,LC-certificate,100,64.0,14.949968169720869,-56.6,-6.781399684720233,-8.336032000798825,1.0751896069241922,2.259580813350583,False
45,LC-certificate,100,128.0,29.899936339441737,-114.2,-14.562799369440466,-17.67206400159765,2.847784525750492,4.977833872596914,False
45,DeepONet-optimistic,100,,3.5725570167250953,0.09999999999999998,-0.8595018884316967,-1.2310085382239726,0.35887425314536064,1.0072597261119292,False
46,LC-certificate,1,0.25,0.05781880064763973,0.775,0.969905541468531,0.9638930219137549,0.9782503055596438,1.0000623449875403,False
46,LC-certificate,1,0.5,0.11563760129527946,0.55,0.9398110829370621,0.9277860438275098,0.9563810886234765,1.000124095593144,False
46,LC-certificate,1,1.0,0.23127520259055892,0.09999999999999998,0.8796221658741241,0.8555720876550198,0.9137859928960724,1.0002458175978095,False
46,LC-certificate,1,2.0,0.46255040518111784,-0.8,0.7592443317482482,0.7111441753100396,0.8331697625660709,1.0004821722964272,False
46,LC-certificate,1,4.0,0.9251008103622357,-2.6,0.5184886634964965,0.4222883506200792,0.690039493108695,1.0009267436854403,False
46,LC-certificate,1,8.0,1.8502016207244714,-6.2,0.03697732699299283,-0.15542329875984162,0.4723700772503876,1.0017050741542615,False
46,LC-certificate,1,16.0,3.7004032414489427,-13.4,-0.9260453460140143,-1.3108465975196832,0.2624755509860579,1.0028321794462216,False
46,LC-certificate,1,32.0,7.4008064828978855,-27.8,-2.8520906920280287,-3.6216931950393665,0.25392257985859623,1.003474200297659,False
46,LC-certificate,1,64.0,14.801612965795771,-56.6,-6.704181384056057,-8.243386390078733,0.46719017356046694,0.9991037171895915,False
46,LC-certificate,1,128.0,29.603225931591542,-114.2,-14.408362768112115,-17.486772780157466,0.5159273949615247,0.9733017131317898,False
46,DeepONet-optimistic,1,,3.50308703061557,0.09999999999999998,-0.8233430336519896,-1.187625568705203,0.2735775935372117,1.0027385789810845,False
46,LC-certificate,100,0.25,0.05781880064763973,0.775,0.969905541468531,0.9638930219137549,0.9815239828693494,1.0001189834433577,False
46,LC-certificate,100,0.5,0.11563760129527946,0.55,0.9398110829370621,0.9277860438275098,0.9627678523882537,1.0002379178346494,False
46,LC-certificate,100,1.0,0.23127520259055892,0.09999999999999998,0.8796221658741241,0.8555720876550198,0.9259292825142007,1.0004756394608096,False
46,LC-certificate,100,2.0,0.46255040518111784,-0.8,0.7592443317482482,0.7111441753100396,0.8550458129296422,1.00095049408587,False
46,LC-certificate,100,4.0,0.9251008103622357,-2.6,0.5184886634964965,0.4222883506200792,0.7252252663430713,1.001897848814434,False
46,LC-certificate,100,8.0,1.8502016207244714,-6.2,0.03697732699299283,-0.15542329875984162,0.5194980677236144,1.003783140085689,False
46,LC-certificate,100,16.0,3.7004032414489427,-13.4,-0.9260453460140143,-1.3108465975196832,0.3577412977266325,1.0075160490951636,False
46,LC-certificate,100,32.0,7.4008064828978855,-27.8,-2.8520906920280287,-3.6216931950393665,0.4935377895268164,1.014832314311226,False
46,LC-certificate,100,64.0,14.801612965795771,-56.6,-6.704181384056057,-8.243386390078733,1.0564447174990639,2.212668126087095,False
46,LC-certificate,100,128.0,29.603225931591542,-114.2,-14.408362768112115,-17.486772780157466,2.8303747113073654,4.935761026707895,False
46,DeepONet-optimistic,100,,3.50308703061557,0.09999999999999998,-0.8233430336519896,-1.187625568705203,0.3599836079904029,1.0071203429433786,False
