model,T_test,t,rmse_t_mean,rmse_t_std
DeepONet,4.0,0.0,0.0029756639618426562,0.00025382100466480586
DeepONet,4.0,0.06349206349206349,0.0027637386228889227,0.00029429457171071806
DeepONet,4.0,0.12698412698412698,0.004388478910550475,0.0004292290282817844
DeepONet,4.0,0.19047619047619047,0.009088132344186307,0.0005106583257398871
DeepONet,4.0,0.25396825396825395,0.01540192887187004,0.0007356382212567933
DeepONet,4.0,0.31746031746031744,0.022291119769215585,0.0011055112789824012
DeepONet,4.0,0.38095238095238093,0.029470979422330856,0.0014378122171434264
DeepONet,4.0,0.4444444444444444,0.03638447001576424,0.001679335447076788
DeepONet,4.0,0.5079365079365079,0.043176887184381486,0.0017382929012389773
DeepONet,4.0,0.5714285714285714,0.04964498579502106,0.0017787621902460773
DeepONet,4.0,0.6349206349206349,0.05617922618985176,0.0018654275421581218
DeepONet,4.0,0.6984126984126984,0.06260944455862046,0.0022581325210342487
DeepONet,4.0,0.7619047619047619,0.06917585730552674,0.0030047926504271657
DeepONet,4.0,0.8253968253968254,0.07545056939125061,0.004023462749119738
DeepONet,4.0,0.8888888888888888,0.08154998421669006,0.005237362353044337
DeepONet,4.0,0.9523809523809523,0.08702581226825715,0.006467053017072384
DeepONet,4.0,1.0158730158730158,0.09198175370693207,0.0076541765482400995
DeepONet,4.0,1.0793650793650793,0.0961611419916153,0.00874995854419875
DeepONet,4.0,1.1428571428571428,0.09987896233797074,0.009700226778002707
DeepONet,4.0,1.2063492063492063,0.10298085361719131,0.010498469578470193
DeepONet,4.0,1.2698412698412698,0.1056240051984787,0.011207551946833727
DeepONet,4.0,1.3333333333333333,0.10779299288988113,0.011780542773939815
DeepONet,4.0,1.3968253968253967,0.10967958122491836,0.012275696568595307
DeepONet,4.0,1.4603174603174602,0.1111020490527153,0.012428561415657152
DeepONet,4.0,1.5238095238095237,0.1122331976890564,0.012428509658698855
DeepONet,4.0,1.5873015873015872,0.11284803152084351,0.012269561067311068
DeepONet,4.0,1.6507936507936507,0.11314475685358047,0.011992097095497499
DeepONet,4.0,1.7142857142857142,0.11315820217132569,0.01166639986185845
DeepONet,4.0,1.7777777777777777,0.11292206048965454,0.011442732957069756
DeepONet,4.0,1.8412698412698412,0.11236978024244308,0.011190099175426502
DeepONet,4.0,1.9047619047619047,0.11167021095752716,0.010993393770699068
DeepONet,4.0,1.9682539682539681,0.11085331588983535,0.01068003147537348
DeepONet,4.0,2.0317460317460316,0.11014322489500046,0.010296748544276616
DeepONet,4.0,2.095238095238095,0.10950643718242645,0.009645724913915533
DeepONet,4.0,2.1587301587301586,0.10914252698421478,0.008903889041426853
DeepONet,4.0,2.2222222222222223,0.10893351435661316,0.007929069759617473
DeepONet,4.0,2.2857142857142856,0.10893849134445191,0.006711099235431115
DeepONet,4.0,2.349206349206349,0.10903658121824264,0.0054572387443708745
DeepONet,4.0,2.4126984126984126,0.10948125869035721,0.004568501419299006
DeepONet,4.0,2.4761904761904763,0.11027545630931854,0.004812596129542198
DeepONet,4.0,2.5396825396825395,0.11157854348421097,0.0061061508562639645
DeepONet,4.0,2.603174603174603,0.11357317268848419,0.007932820699847364
DeepONet,4.0,2.6666666666666665,0.11618712693452835,0.009759738470682124
DeepONet,4.0,2.7301587301587302,0.11910183429718017,0.011476733632640103
DeepONet,4.0,2.7936507936507935,0.12237397879362107,0.01310782995179982
DeepONet,4.0,2.8571428571428568,0.12565114647150039,0.014669961809465549
DeepONet,4.0,2.9206349206349205,0.12899023294448853,0.01616145708347408
DeepONet,4.0,2.984126984126984,0.1322333961725235,0.017690636216425287
DeepONet,4.0,3.0476190476190474,0.1355928510427475,0.01925736393976263
DeepONet,4.0,3.1111111111111107,0.13888486474752426,0.020831770757245443
DeepONet,4.0,3.1746031746031744,0.14220192432403564,0.022386218657612922
DeepONet,4.0,3.238095238095238,0.1454076036810875,0.02375037107275618
DeepONet,4.0,3.3015873015873014,0.14873437136411666,0.024909024091018625
DeepONet,4.0,3.3650793650793647,0.15185801982879638,0.025646360395313927
DeepONet,4.0,3.4285714285714284,0.1549565985798836,0.02603009210013629
DeepONet,4.0,3.492063492063492,0.15792698562145233,0.0261894354212351
DeepONet,4.0,3.5555555555555554,0.16097009778022767,0.02637189516657273
DeepONet,4.0,3.6190476190476186,0.1637415647506714,0.026507908578029354
DeepONet,4.0,3.6825396825396823,0.16642354130744935,0.026594556801236197
DeepONet,4.0,3.746031746031746,0.16884253919124603,0.02653388177986709
DeepONet,4.0,3.8095238095238093,0.17111313045024873,0.02618327422104871
DeepONet,4.0,3.8730158730158726,0.17308347821235656,0.02544241789922998
DeepONet,4.0,3.9365079365079363,0.17488265335559844,0.024219857890718715
DeepONet,4.0,4.0,0.17643652558326722,0.022424497442417732
DeepONet,6.0,0.0,0.003128098649904132,0.00017150270311539997
DeepONet,6.0,0.09523809523809523,0.0035522612277418377,0.00023890331100575723
DeepONet,6.0,0.19047619047619047,0.010309553146362305,0.0005078809506303509
DeepONet,6.0,0.2857142857142857,0.021635767444968222,0.0011758687134115562
DeepONet,6.0,0.38095238095238093,0.03441278859972954,0.0019819435007997497
DeepONet,6.0,0.47619047619047616,0.04738385230302811,0.002560774798627848
DeepONet,6.0,0.5714285714285714,0.06007048860192299,0.002951718685476336
DeepONet,6.0,0.6666666666666666,0.07274282872676849,0.0034964838894340658
DeepONet,6.0,0.7619047619047619,0.08504723161458969,0.004500587335016419
DeepONet,6.0,0.8571428571428571,0.09678444266319275,0.006186417435059043
DeepONet,6.0,0.9523809523809523,0.10735119879245758,0.008234482311791826
DeepONet,6.0,1.0476190476190474,0.116477632522583,0.010367097373328159
DeepONet,6.0,1.1428571428571428,0.1239814043045044,0.012194375762639377
DeepONet,6.0,1.2380952380952381,0.13013399243354798,0.013710666646734487
DeepONet,6.0,1.3333333333333333,0.13521513789892198,0.015019854710861607
DeepONet,6.0,1.4285714285714284,0.13946487307548522,0.015957550495558376
DeepONet,6.0,1.5238095238095237,0.14275088608264924,0.016194199286415734
DeepONet,6.0,1.619047619047619,0.14505836069583894,0.0158039552869193
DeepONet,6.0,1.7142857142857142,0.14631349444389344,0.015057384285324377
DeepONet,6.0,1.8095238095238093,0.14646254181861879,0.01423989918416993
DeepONet,6.0,1.9047619047619047,0.14540552496910095,0.013372336801224217
DeepONet,6.0,2.0,0.14358467161655425,0.01235198625546899
DeepONet,6.0,2.095238095238095,0.14141601622104644,0.01114694375886603
DeepONet,6.0,2.1904761904761902,0.13924908638000488,0.009728101815033112
DeepONet,6.0,2.2857142857142856,0.1371222496032715,0.00808488828712581
DeepONet,6.0,2.380952380952381,0.13492611050605774,0.00619999908383992
DeepONet,6.0,2.4761904761904763,0.1330159842967987,0.005136247706856132
DeepONet,6.0,2.571428571428571,0.13207975178956985,0.00659658803494374
DeepONet,6.0,2.6666666666666665,0.13254483193159103,0.0094980313341265
DeepONet,6.0,2.761904761904762,0.13428335934877395,0.012365017651132595
DeepONet,6.0,2.8571428571428568,0.1368226572871208,0.015068438541609667
DeepONet,6.0,2.952380952380952,0.1397555187344551,0.01761507906569204
DeepONet,6.0,3.0476190476190474,0.1430276557803154,0.02033286541058785
DeepONet,6.0,3.142857142857143,0.14653757214546204,0.023243600815623388
DeepONet,6.0,3.238095238095238,0.1502722457051277,0.02606238961240908
DeepONet,6.0,3.333333333333333,0.1540205791592598,0.028543371063694808
DeepONet,6.0,3.4285714285714284,0.15770428031682968,0.030535706173000325
DeepONet,6.0,3.5238095238095237,0.16113533824682236,0.032159725096419525
DeepONet,6.0,3.6190476190476186,0.16441445648670197,0.033560475904084966
DeepONet,6.0,3.714285714285714,0.16752833127975464,0.03465268506723438
DeepONet,6.0,3.8095238095238093,0.17060736417770386,0.034995961301347786
DeepONet,6.0,3.9047619047619047,0.17380423545837403,0.03423898346992845
DeepONet,6.0,4.0,0.17708674669265748,0.03220171484038095
DeepONet,6.0,4.095238095238095,0.18023192286491393,0.02897057130721637
DeepONet,6.0,4.19047619047619,0.18292955458164215,0.024817304706789303
DeepONet,6.0,4.285714285714286,0.18497847020626068,0.019806315101143224
DeepONet,6.0,4.3809523809523805,0.18625014126300812,0.0141434995903002
DeepONet,6.0,4.476190476190476,0.18679794371128083,0.008178921981844374
DeepONet,6.0,4.571428571428571,0.18660145699977876,0.003613623043050873
DeepONet,6.0,4.666666666666666,0.18584437370300294,0.0058581890129799944
DeepONet,6.0,4.761904761904762,0.18470138311386108,0.01015134339135957
DeepONet,6.0,4.857142857142857,0.18339580595493316,0.01405297838024227
DeepONet,6.0,4.9523809523809526,0.181935715675354,0.017700391778941598
DeepONet,6.0,5.0476190476190474,0.18005551397800446,0.02131461337195851
DeepONet,6.0,5.142857142857142,0.17774150967597963,0.024825571104305836
DeepONet,6.0,5.238095238095238,0.1752366840839386,0.028032583349544643
DeepONet,6.0,5.333333333333333,0.17302069067955017,0.030389194821937734
DeepONet,6.0,5.428571428571428,0.17108557522296905,0.03147149364143064
DeepONet,6.0,5.523809523809524,0.16913496255874633,0.0313064076569769
DeepONet,6.0,5.619047619047619,0.16659423410892488,0.030192569653806182
DeepONet,6.0,5.7142857142857135,0.16322197020053864,0.028191255740911914
DeepONet,6.0,5.809523809523809,0.15901688635349273,0.02521494645888293
DeepONet,6.0,5.904761904761904,0.1543599158525467,0.02132776922205839
DeepONet,6.0,6.0,0.1497092604637146,0.016561093996982978
FNO,4.0,0.0,0.09797673374414444,0.03039651703342654
FNO,4.0,0.06349206349206349,0.09928694963455201,0.036403480006515755
FNO,4.0,0.12698412698412698,0.09893437176942825,0.03449053793768239
FNO,4.0,0.19047619047619047,0.10206496715545654,0.039421178169112545
FNO,4.0,0.25396825396825395,0.10423033088445663,0.04269113094303322
FNO,4.0,0.31746031746031744,0.1060675710439682,0.04207710630184233
FNO,4.0,0.38095238095238093,0.10788704454898834,0.04038166335532172
FNO,4.0,0.4444444444444444,0.10901357978582382,0.03817257098479414
FNO,4.0,0.5079365079365079,0.11459014266729355,0.04038500866713718
FNO,4.0,0.5714285714285714,0.11789199560880662,0.040282871397896707
FNO,4.0,0.6349206349206349,0.1220427006483078,0.039829668013222054
FNO,4.0,0.6984126984126984,0.1266448065638542,0.042001022911400857
FNO,4.0,0.7619047619047619,0.13171387910842897,0.03946666685820803
FNO,4.0,0.8253968253968254,0.13670620173215867,0.0378900015468188
FNO,4.0,0.8888888888888888,0.14062249809503555,0.03647880888937037
FNO,4.0,0.9523809523809523,0.14232318699359894,0.029973484742443757
FNO,4.0,1.0158730158730158,0.14753064513206482,0.028638526732680112
FNO,4.0,1.0793650793650793,0.15241730809211732,0.03008662403556247
FNO,4.0,1.1428571428571428,0.15324392318725585,0.02685313341731036
FNO,4.0,1.2063492063492063,0.15793651938438416,0.030096992446484415
FNO,4.0,1.2698412698412698,0.1617284119129181,0.031643504896171244
FNO,4.0,1.3333333333333333,0.16067586839199066,0.023331697460779604
FNO,4.0,1.3968253968253967,0.16179546117782592,0.023634887977400227
FNO,4.0,1.4603174603174602,0.164825439453125,0.023372211446382088
FNO,4.0,1.5238095238095237,0.16470238864421843,0.018192033873037177
FNO,4.0,1.5873015873015872,0.16352300643920897,0.01620882903880199
FNO,4.0,1.6507936507936507,0.16634044647216797,0.01754790061695787
FNO,4.0,1.7142857142857142,0.16774450838565827,0.018547546880096286
FNO,4.0,1.7777777777777777,0.16962172389030455,0.02253493449572768
FNO,4.0,1.8412698412698412,0.1680749237537384,0.021919272658326633
FNO,4.0,1.9047619047619047,0.1663592517375946,0.01732090137610625
FNO,4.0,1.9682539682539681,0.16619156897068024,0.020101033889009943
FNO,4.0,2.0317460317460316,0.1644817680120468,0.01918977613126613
FNO,4.0,2.095238095238095,0.1604828804731369,0.014598656860118343
FNO,4.0,2.1587301587301586,0.16000364124774932,0.014335105262257578
FNO,4.0,2.2222222222222223,0.16050340235233307,0.01609032336225358
FNO,4.0,2.2857142857142856,0.16104386150836944,0.01838478806176611
FNO,4.0,2.349206349206349,0.15930055677890778,0.01755021980719572
FNO,4.0,2.4126984126984126,0.15745725929737092,0.01982110955130464
FNO,4.0,2.4761904761904763,0.156196728348732,0.02082347873389499
FNO,4.0,2.5396825396825395,0.15663201808929444,0.022976893632812908
FNO,4.0,2.603174603174603,0.15599106550216674,0.021389391120550213
FNO,4.0,2.6666666666666665,0.1552354097366333,0.01843776034483614
FNO,4.0,2.7301587301587302,0.15606198012828826,0.01927546932230479
FNO,4.0,2.7936507936507935,0.1589471161365509,0.023142426405773457
FNO,4.0,2.8571428571428568,0.1586659222841263,0.024328372053687486
FNO,4.0,2.9206349206349205,0.15900318920612336,0.02232301780060487
FNO,4.0,2.984126984126984,0.1578743875026703,0.024305599440783095
FNO,4.0,3.0476190476190474,0.15997673571109772,0.028918962129417646
FNO,4.0,3.1111111111111107,0.160663965344429,0.026024541181139508
FNO,4.0,3.1746031746031744,0.16099997162818908,0.023955682358706896
FNO,4.0,3.238095238095238,0.16175644397735595,0.020911938591845848
FNO,4.0,3.3015873015873014,0.1615323692560196,0.02247886466773152
FNO,4.0,3.3650793650793647,0.16213153898715973,0.020458271918134183
FNO,4.0,3.4285714285714284,0.16361095607280732,0.020964582265163765
FNO,4.0,3.492063492063492,0.16364071667194366,0.020970411158713145
FNO,4.0,3.5555555555555554,0.1652455747127533,0.023899155763620106
FNO,4.0,3.6190476190476186,0.1653767168521881,0.02576357806183077
FNO,4.0,3.6825396825396823,0.16738803386688234,0.024387274407807243
FNO,4.0,3.746031746031746,0.16786763966083526,0.025597317724522606
FNO,4.0,3.8095238095238093,0.16901251673698425,0.023699822107576967
FNO,4.0,3.8730158730158726,0.16930703520774842,0.02330913709567799
FNO,4.0,3.9365079365079363,0.17120506167411803,0.02538953068285057
FNO,4.0,4.0,0.17280283570289612,0.025024500629985888
FNO,6.0,0.0,0.12054841667413711,0.04228611833931966
FNO,6.0,0.09523809523809523,0.1222047120332718,0.04486105697992902
FNO,6.0,0.19047619047619047,0.12812526226043702,0.04506731486270193
FNO,6.0,0.2857142857142857,0.1272898107767105,0.04546669207578332
FNO,6.0,0.38095238095238093,0.13146539330482482,0.046720678989483844
FNO,6.0,0.47619047619047616,0.1361399546265602,0.04694198396012402
FNO,6.0,0.5714285714285714,0.14095703810453414,0.04941658099167394
FNO,6.0,0.6666666666666666,0.14727692306041718,0.04908760310092783
FNO,6.0,0.7619047619047619,0.15414308309555053,0.04760348334574078
FNO,6.0,0.8571428571428571,0.1612204134464264,0.04864684065107839
FNO,6.0,0.9523809523809523,0.16969510018825532,0.04895146004011148
FNO,6.0,1.0476190476190474,0.1764600843191147,0.041856485193138435
FNO,6.0,1.1428571428571428,0.18160107731819153,0.04237485072268925
FNO,6.0,1.2380952380952381,0.18805340826511383,0.04502377740182197
FNO,6.0,1.3333333333333333,0.19318484365940095,0.03974873708149405
FNO,6.0,1.4285714285714284,0.1948838233947754,0.0362734425426401
FNO,6.0,1.5238095238095237,0.200800821185112,0.037157790603561155
FNO,6.0,1.619047619047619,0.20222120881080627,0.03473522555221359
FNO,6.0,1.7142857142857142,0.1994581252336502,0.03379426956386059
FNO,6.0,1.8095238095238093,0.20013926327228546,0.031466444224587706
FNO,6.0,1.9047619047619047,0.19780437052249908,0.02900660063623333
FNO,6.0,2.0,0.1960267335176468,0.031667019351916785
FNO,6.0,2.095238095238095,0.19313255548477173,0.02726897379243126
FNO,6.0,2.1904761904761902,0.19107986986637115,0.02690335181258453
FNO,6.0,2.2857142857142856,0.1878702700138092,0.024821863080342454
FNO,6.0,2.380952380952381,0.18665364682674407,0.02582464921443852
FNO,6.0,2.4761904761904763,0.1816181033849716,0.022497634334169635
FNO,6.0,2.571428571428571,0.1764359712600708,0.023691529293886918
FNO,6.0,2.6666666666666665,0.17469737827777862,0.02237951431587677
FNO,6.0,2.761904761904762,0.1775856614112854,0.025952757628287377
FNO,6.0,2.8571428571428568,0.1753932684659958,0.027957242487589448
FNO,6.0,2.952380952380952,0.17725965976715088,0.025362508402423045
FNO,6.0,3.0476190476190474,0.17871476709842682,0.02851800738226137
FNO,6.0,3.142857142857143,0.1775261014699936,0.02631441795118191
FNO,6.0,3.238095238095238,0.1780312180519104,0.029300997303991588
FNO,6.0,3.333333333333333,0.18331319093704224,0.026724363887439213
FNO,6.0,3.4285714285714284,0.18549689948558806,0.03019365053448587
FNO,6.0,3.5238095238095237,0.1882410764694214,0.027696475917609004
FNO,6.0,3.6190476190476186,0.19006487727165222,0.02912921006612897
FNO,6.0,3.714285714285714,0.19218866229057313,0.03049276667694884
FNO,6.0,3.8095238095238093,0.1947808623313904,0.030018791656832758
FNO,6.0,3.9047619047619047,0.19839694499969482,0.02755369471332862
FNO,6.0,4.0,0.19759286046028138,0.02822866342902402
FNO,6.0,4.095238095238095,0.2003123492002487,0.027791225438762036
FNO,6.0,4.19047619047619,0.20037103891372682,0.023899303348331506
FNO,6.0,4.285714285714286,0.2016855835914612,0.02137468619147947
FNO,6.0,4.3809523809523805,0.20377826392650605,0.019738075136967716
FNO,6.0,4.476190476190476,0.20287403762340545,0.022495654000302533
FNO,6.0,4.571428571428571,0.20417652130126954,0.02208607385564184
FNO,6.0,4.666666666666666,0.2029845803976059,0.025963362435218146
FNO,6.0,4.761904761904762,0.20386702716350555,0.027581439484782817
FNO,6.0,4.857142857142857,0.20125705301761626,0.02965684841478008
FNO,6.0,4.9523809523809526,0.19993799328804016,0.031651420536771356
FNO,6.0,5.0476190476190474,0.20095278322696686,0.03683762509332645
FNO,6.0,5.142857142857142,0.19902516901493073,0.04184506707572191
FNO,6.0,5.238095238095238,0.19631801843643187,0.04384922719440351
FNO,6.0,5.333333333333333,0.19414869844913482,0.046455962488293985
FNO,6.0,5.428571428571428,0.1922926515340805,0.0462601139849103
FNO,6.0,5.523809523809524,0.19393317103385926,0.04635759401065816
FNO,6.0,5.619047619047619,0.19201734364032746,0.045521128506891294
FNO,6.0,5.7142857142857135,0.1910295754671097,0.03909486851204554
FNO,6.0,5.809523809523809,0.19274917244911194,0.03895732841125704
FNO,6.0,5.904761904761904,0.19130223691463472,0.038271799630815846
FNO,6.0,6.0,0.18615517914295196,0.03479732030623673
LC-DeepONet,4.0,0.0,0.002575751906260848,0.00038700655544784523
LC-DeepONet,4.0,0.06349206349206349,0.002389564272016287,0.0005451507050397657
LC-DeepONet,4.0,0.12698412698412698,0.004312634281814098,0.0007690927610872288
LC-DeepONet,4.0,0.19047619047619047,0.009154684096574783,0.0006896376052929803
LC-DeepONet,4.0,0.25396825396825395,0.015580680780112743,0.0007794448837909313
LC-DeepONet,4.0,0.31746031746031744,0.022582483664155006,0.001109001004204149
LC-DeepONet,4.0,0.38095238095238093,0.02985425814986229,0.0015682573682194358
LC-DeepONet,4.0,0.4444444444444444,0.036811521649360655,0.001990890338335154
LC-DeepONet,4.0,0.5079365079365079,0.04369212761521339,0.0023029979360728123
LC-DeepONet,4.0,0.5714285714285714,0.05023323819041252,0.002476743672405341
LC-DeepONet,4.0,0.6349206349206349,0.056862013041973115,0.0026869009085893304
LC-DeepONet,4.0,0.6984126984126984,0.06336660608649254,0.0030510551003177224
LC-DeepONet,4.0,0.7619047619047619,0.06997962296009064,0.003685006083690108
LC-DeepONet,4.0,0.8253968253968254,0.07635565251111984,0.0046903073222402565
LC-DeepONet,4.0,0.8888888888888888,0.08247092068195343,0.005875149136465779
LC-DeepONet,4.0,0.9523809523809523,0.08792911916971206,0.0072465535525914355
LC-DeepONet,4.0,1.0158730158730158,0.09288614690303802,0.008513342044315789
LC-DeepONet,4.0,1.0793650793650793,0.09708679169416427,0.009686114304537797
LC-DeepONet,4.0,1.1428571428571428,0.10082095265388488,0.010724475770122165
LC-DeepONet,4.0,1.2063492063492063,0.1038916438817978,0.011542562021407398
LC-DeepONet,4.0,1.2698412698412698,0.1065916046500206,0.012285445663961688
LC-DeepONet,4.0,1.3333333333333333,0.10889539420604706,0.013032765933290521
LC-DeepONet,4.0,1.3968253968253967,0.11085128039121628,0.0136169734860723
LC-DeepONet,4.0,1.4603174603174602,0.11229551136493683,0.01390082406421422
LC-DeepONet,4.0,1.5238095238095237,0.11344348043203353,0.01395756312255419
LC-DeepONet,4.0,1.5873015873015872,0.11407595872879028,0.013765795024820034
LC-DeepONet,4.0,1.6507936507936507,0.11443371027708053,0.013416922394054825
LC-DeepONet,4.0,1.7142857142857142,0.11442856192588806,0.012951339092412771
LC-DeepONet,4.0,1.7777777777777777,0.11418561935424805,0.012392348845926125
LC-DeepONet,4.0,1.8412698412698412,0.11358627378940582,0.011862399621195924
LC-DeepONet,4.0,1.9047619047619047,0.11279659420251846,0.011455574293720761
LC-DeepONet,4.0,1.9682539682539681,0.11177971512079239,0.010808027340659327
LC-DeepONet,4.0,2.0317460317460316,0.11065020859241485,0.010126373131588437
LC-DeepONet,4.0,2.095238095238095,0.1096924290060997,0.009473976675721979
LC-DeepONet,4.0,2.1587301587301586,0.10897277742624283,0.008803821358027257
LC-DeepONet,4.0,2.2222222222222223,0.10853836238384247,0.008073286268863068
LC-DeepONet,4.0,2.2857142857142856,0.10845214128494263,0.007429196612106277
LC-DeepONet,4.0,2.349206349206349,0.10858797132968903,0.00699712839647927
LC-DeepONet,4.0,2.4126984126984126,0.10905288606882095,0.00693113935710379
LC-DeepONet,4.0,2.4761904761904763,0.10986859649419785,0.007357814488692734
LC-DeepONet,4.0,2.5396825396825395,0.11116323918104172,0.0081927847341831
LC-DeepONet,4.0,2.603174603174603,0.11284232437610626,0.009396930263031419
LC-DeepONet,4.0,2.6666666666666665,0.11508154422044754,0.010850887184141442
LC-DeepONet,4.0,2.7301587301587302,0.11760341227054597,0.01251386179282042
LC-DeepONet,4.0,2.7936507936507935,0.12029144316911697,0.014370581069224172
LC-DeepONet,4.0,2.8571428571428568,0.12309998571872711,0.01616208550763763
LC-DeepONet,4.0,2.9206349206349205,0.1261335328221321,0.017831842531216835
LC-DeepONet,4.0,2.984126984126984,0.12928107380867004,0.01927179460649547
LC-DeepONet,4.0,3.0476190476190474,0.1327433779835701,0.020562997065752795
LC-DeepONet,4.0,3.1111111111111107,0.13627195209264756,0.021699995939915593
LC-DeepONet,4.0,3.1746031746031744,0.13997444361448289,0.0228683308476002
LC-DeepONet,4.0,3.238095238095238,0.14344626069068908,0.02397323617242164
LC-DeepONet,4.0,3.3015873015873014,0.1467879444360733,0.025072714251729983
LC-DeepONet,4.0,3.3650793650793647,0.14978400021791458,0.026028846874718542
LC-DeepONet,4.0,3.4285714285714284,0.15279811769723892,0.02676996030996344
LC-DeepONet,4.0,3.492063492063492,0.15563510060310365,0.027177706004015163
LC-DeepONet,4.0,3.5555555555555554,0.1585695117712021,0.02737794115150882
LC-DeepONet,4.0,3.6190476190476186,0.1614309787750244,0.027351545836620205
LC-DeepONet,4.0,3.6825396825396823,0.16439374685287475,0.027167147913695386
LC-DeepONet,4.0,3.746031746031746,0.16714908480644225,0.026780478138979765
LC-DeepONet,4.0,3.8095238095238093,0.16976394653320312,0.026213413565689
LC-DeepONet,4.0,3.8730158730158726,0.17209301888942719,0.025387252129892783
LC-DeepONet,4.0,3.9365079365079363,0.17419275343418122,0.024127108934276113
LC-DeepONet,4.0,4.0,0.1759442836046219,0.02245282722561031
LC-DeepONet,6.0,0.0,0.002659263228997588,0.00036297986251996326
LC-DeepONet,6.0,0.09523809523809523,0.0032351078931242227,0.0004640725149537503
LC-DeepONet,6.0,0.19047619047619047,0.010345462150871754,0.0005347093151116068
LC-DeepONet,6.0,0.2857142857142857,0.02175997234880924,0.000927964231183519
LC-DeepONet,6.0,0.38095238095238093,0.03457471877336502,0.001598128407173803
LC-DeepONet,6.0,0.47619047619047616,0.0475615419447422,0.002275633376291361
LC-DeepONet,6.0,0.5714285714285714,0.06028455421328545,0.002892809720496772
LC-DeepONet,6.0,0.6666666666666666,0.07296220511198044,0.0036974793922960126
LC-DeepONet,6.0,0.7619047619047619,0.08531063795089722,0.004944503792510428
LC-DeepONet,6.0,0.8571428571428571,0.09704257547855377,0.006724244600607992
LC-DeepONet,6.0,0.9523809523809523,0.10759057700634003,0.008872464083283831
LC-DeepONet,6.0,1.0476190476190474,0.11668638437986374,0.011084809358334507
LC-DeepONet,6.0,1.1428571428571428,0.1241460844874382,0.013019314884687163
LC-DeepONet,6.0,1.2380952380952381,0.13039635717868805,0.014788456816372858
LC-DeepONet,6.0,1.3333333333333333,0.1355014756321907,0.01632226806181474
LC-DeepONet,6.0,1.4285714285714284,0.13974373638629914,0.01755078181959058
LC-DeepONet,6.0,1.5238095238095237,0.14293093979358673,0.018022678803480213
LC-DeepONet,6.0,1.619047619047619,0.14503685534000396,0.017831523749002764
LC-DeepONet,6.0,1.7142857142857142,0.14606719017028807,0.017308804036499252
LC-DeepONet,6.0,1.8095238095238093,0.14598080813884734,0.016595237599905895
LC-DeepONet,6.0,1.9047619047619047,0.14481158256530763,0.0157265369730297
LC-DeepONet,6.0,2.0,0.14294767677783965,0.014743046637599998
LC-DeepONet,6.0,2.095238095238095,0.14059205651283263,0.013448216395721756
LC-DeepONet,6.0,2.1904761904761902,0.1381445497274399,0.011959505618137167
LC-DeepONet,6.0,2.2857142857142856,0.13582816123962402,0.010153694880397761
LC-DeepONet,6.0,2.380952380952381,0.13361705839633942,0.008069528885676506
LC-DeepONet,6.0,2.4761904761904763,0.1318575769662857,0.006515749707395077
LC-DeepONet,6.0,2.571428571428571,0.13106783628463745,0.0071465715785668585
LC-DeepONet,6.0,2.6666666666666665,0.1315993309020996,0.009591118421360928
LC-DeepONet,6.0,2.761904761904762,0.13321305066347122,0.01248738273547285
LC-DeepONet,6.0,2.8571428571428568,0.13551324158906936,0.015302591892973066
LC-DeepONet,6.0,2.952380952380952,0.13815189450979232,0.017848755583265333
LC-DeepONet,6.0,3.0476190476190474,0.14112979769706727,0.02027841366567976
LC-DeepONet,6.0,3.142857142857143,0.1445169061422348,0.022548079403849064
LC-DeepONet,6.0,3.238095238095238,0.14824978411197662,0.024807137401976317
LC-DeepONet,6.0,3.333333333333333,0.15219729840755464,0.026748026379209103
LC-DeepONet,6.0,3.4285714285714284,0.1562670037150383,0.028256471789647516
LC-DeepONet,6.0,3.5238095238095237,0.16034557670354843,0.0292092432140509
LC-DeepONet,6.0,3.6190476190476186,0.16443391740322114,0.02983650987874963
LC-DeepONet,6.0,3.714285714285714,0.16831853985786438,0.030136173453026664
LC-DeepONet,6.0,3.8095238095238093,0.171980556845665,0.029919003839229266
LC-DeepONet,6.0,3.9047619047619047,0.1753562331199646,0.02895918023292621
LC-DeepONet,6.0,4.0,0.17856475114822387,0.02690295838654896
LC-DeepONet,6.0,4.095238095238095,0.18156373202800752,0.023789011338101716
LC-DeepONet,6.0,4.19047619047619,0.18404356837272645,0.01967664080581052
LC-DeepONet,6.0,4.285714285714286,0.1860361337661743,0.014886423398652811
LC-DeepONet,6.0,4.3809523809523805,0.18736530542373658,0.009631249789872337
LC-DeepONet,6.0,4.476190476190476,0.1880655199289322,0.0047337930585966675
LC-DeepONet,6.0,4.571428571428571,0.18813940286636352,0.0043688572537859864
LC-DeepONet,6.0,4.666666666666666,0.1877351939678192,0.008322854500156652
LC-DeepONet,6.0,4.761904761904762,0.18715806007385255,0.011724889140872632
LC-DeepONet,6.0,4.857142857142857,0.1864204704761505,0.014418692696311769
LC-DeepONet,6.0,4.9523809523809526,0.18532350957393645,0.01688021157457083
LC-DeepONet,6.0,5.0476190476190474,0.18353400528430938,0.019558926416206532
LC-DeepONet,6.0,5.142857142857142,0.1810707300901413,0.022509929898184216
LC-DeepONet,6.0,5.238095238095238,0.17805891036987304,0.02552082848692874
LC-DeepONet,6.0,5.333333333333333,0.17514296472072602,0.028027073117507188
LC-DeepONet,6.0,5.428571428571428,0.17253118455410005,0.02952121359911496
LC-DeepONet,6.0,5.523809523809524,0.1700362116098404,0.03012520143891848
LC-DeepONet,6.0,5.619047619047619,0.16705575287342073,0.029915407436754183
LC-DeepONet,6.0,5.7142857142857135,0.16324492990970613,0.029036585575293653
LC-DeepONet,6.0,5.809523809523809,0.15850494503974916,0.027321032680517617
LC-DeepONet,6.0,5.904761904761904,0.15317827314138413,0.024576872690888648
LC-DeepONet,6.0,6.0,0.14785498529672622,0.02070546688736082
